{"train_loss": [0.26676897760664625, 0.11355765683407709, 0.09122222497668428, 0.07933404520752119, 0.07176276081164525, 0.06645692587736722, 0.062104197188350224, 0.0614172952868231, 0.05899670915067966, 0.057176898411753475, 0.05740053145809107, 0.05354967744309375, 0.053835064797324514, 0.053931590358027505, 0.053957894268130725, 0.05199055739489532, 0.05214614848009237, 0.03595689927128189, 0.034606620615995884, 0.0342560487466591, 0.03480359438577585, 0.033720957175466235, 0.033477769734831374, 0.032845340437900744, 0.03305579348451131, 0.03257202435553455, 0.0333241253081351, 0.033191001699276614, 0.03254636092872416, 0.03276882080760843, 0.03283841222652673, 0.02386803611472708, 0.023120631361842246, 0.022229081170994442, 0.022407883006172125, 0.022038760039721987, 0.02231837646570384, 0.02184512489150582, 0.017619742977390596, 0.017292358624941103, 0.017200550686509174, 0.01684547225433368, 0.01708681447495047, 0.016862348855516962, 0.016979486271166726, 0.016347210622624092, 0.016730354799232718, 0.0163864661706155, 0.016397377538595475, 0.015840467773737595, 0.01609531189277811, 0.016307860594643165, 0.015694394123355025, 0.013936405421150704, 0.013811312263322198, 0.013340080717353306, 0.013599674113765692, 0.013025545120554304, 0.01323986982077852, 0.013469123663735273, 0.013204633217662024, 0.013435859964264999, 0.013269241120749505, 0.011920677670631324, 0.011675350528155895, 0.01183538170016169, 0.011329441729045216, 0.011569865690970097, 0.01170494076243925, 0.011453088478615807, 0.011825725329274431, 0.011488474357536518, 0.011331533315978052, 0.011523505769937922, 0.011010991419429817, 0.011154309129566215, 0.011358685303358637, 0.010903027998842692, 0.010487579656279581, 0.010424530332817282, 0.01083764741037707, 0.010487278516836623, 0.010507843961007169, 0.010367274798698785, 0.010585404913532076, 0.01047373205147862, 0.010571323199848862, 0.010952883765061741, 0.010343823149873825, 0.009585359049436927, 0.0103548408229328, 0.010499282564996399, 0.010633058578354884, 0.010010983584758987, 0.010073623040562918, 0.00976472457658674], "train_acc": [0.9278004883282157, 0.9674309126558396, 0.9737523584033148, 0.977086493285487, 0.9790934482631053, 0.9805917280159816, 0.9817431837519884, 0.9820530132070585, 0.9824368317857275, 0.983102733898117, 0.9832553364655395, 0.9841940734711997, 0.984050719544227, 0.9843466760386224, 0.9838241278532056, 0.9846241352521179, 0.9847166216566164, 0.9893316932410936, 0.9895629092523399, 0.9898403684658356, 0.9893363175613185, 0.9896415226961637, 0.9898912359883097, 0.98987273870741, 0.9899559764714587, 0.9902010654433798, 0.9898958603085346, 0.9897941252635862, 0.9901548222411306, 0.990251932965854, 0.9903444193703526, 0.9928415522918131, 0.9930681439828345, 0.9931467574266583, 0.9932808627131812, 0.9932068735895824, 0.9930727683030595, 0.9933271059154304, 0.9946496614997595, 0.9946589101402094, 0.9948300099885317, 0.9948300099885317, 0.9950149827975288, 0.9948485072694314, 0.9947375235840331, 0.9949594909548296, 0.994876253190781, 0.9949918611964041, 0.9949456179941548, 0.9953063149716992, 0.9951768340054012, 0.994996485516629, 0.9951629610447265, 0.9955976471458695, 0.9957779956346418, 0.9959398468425141, 0.9958519847582405, 0.9961016980503866, 0.9960045873256631, 0.9959907143649883, 0.9961710628537604, 0.9959398468425141, 0.9961201953312863, 0.9965132625504051, 0.9964438977470312, 0.9963467870223077, 0.9967028596796271, 0.9965502571122045, 0.9966288705560282, 0.9965271355110799, 0.9963236654211831, 0.9965317598313048, 0.9966658651178277, 0.9966797380785024, 0.9968323406459251, 0.9968045947245755, 0.9966103732751286, 0.9968045947245755, 0.9970034404942474, 0.9970080648144722, 0.9967259812807517, 0.9969294513706485, 0.9969294513706485, 0.9970404350560468, 0.9968647108874995, 0.9970496836964966, 0.9969433243313233, 0.996707483999852, 0.997026562095372, 0.9972485294661685, 0.996957197291998, 0.9969109540897488, 0.9968508379268247, 0.9969664459324479, 0.9970173134549222, 0.9971467944212201], "val_loss": [0.0961138910580068, 0.08361687864818532, 0.051775813994815054, 0.04497088028354654, 0.03820917301821448, 0.04727399986005939, 0.04574962720597847, 0.03400634540526978, 0.074789661821298, 0.036801745082438234, 0.02783062218318084, 0.04456350440893536, 0.03512066759316645, 0.03308985626623353, 0.031183930681311336, 0.030648766481774316, 0.037153270891319465, 0.02249854541026494, 0.01836746918236649, 0.021406756269451106, 0.0183990990679648, 0.018161070434498754, 0.020256378924249103, 0.022739818780495864, 0.015835730397242676, 0.02364029267011415, 0.019013103117928316, 0.016613950020218364, 0.017489660968689043, 0.020892964091063046, 0.01956401450820845, 0.012767241157315411, 0.016528708512873056, 0.012833778084315533, 0.01753306036668861, 0.01353183436994004, 0.013382148665488388, 0.014647856846956828, 0.010247126994387741, 0.01045824867625914, 0.009410235509756844, 0.009311887697215086, 0.010529367565514432, 0.009608522006563248, 0.009963928156568344, 0.008995091262559653, 0.008856957621532062, 0.00955747887559962, 0.010447467301116673, 0.009722881513437143, 0.010101562223885115, 0.011297123565391054, 0.009909661911277175, 0.008483258420581124, 0.00823359235364051, 0.009070313280662231, 0.007878335001860403, 0.00892602868755315, 0.008077056175351894, 0.008637917624141702, 0.00893682186703634, 0.009326186338093338, 0.009251342794719999, 0.007738980883391267, 0.008590654445866885, 0.00885658515172799, 0.00809465929828665, 0.008148461393601966, 0.006921143614858425, 0.0074156254817033165, 0.006753989565657763, 0.010078742415789477, 0.007026646697844013, 0.007619328993636301, 0.00977763049817574, 0.00937937807816924, 0.008931420693112493, 0.0073758254117000915, 0.007055107068800471, 0.007269761480592744, 0.007309596265494576, 0.007154949665856269, 0.007381521883139811, 0.008017362648643998, 0.007255361095571231, 0.007874492780477754, 0.007170924232807859, 0.00717250155336164, 0.008102793420964188, 0.007024341364798177, 0.007918818545800402, 0.0077399630439739155, 0.00713437226882748, 0.007526875715161269, 0.007800093366894583, 0.007610054484115424],